{
  "questao0": {
    "tema": "Alimentação",
    "pergunta": "Você consome carne?",
    "a": "Sim, praticamente todos os dias",
    "b": "Sim, porém poucas vezes",
    "c": "Não",
    "apt": 0,
    "bpt": 5,
    "cpt": 10
  },
  "questao1": {
    "tema": "Alimentação",
    "pergunta": "Você se preocupa com a procedência dos alimentos que ingere?",
    "a": "Sim",
    "b": "Às vezes",
    "c": "Não",
    "apt": 10,
    "bpt": 5,
    "cpt": 0
  },
  "questao2": {
    "tema": "Alimentação",
    "pergunta": "Você compra frutas e legumes nas feiras?",
    "a": "Sim, sempre",
    "b": "Às vezes",
    "c": "Não, opto por supermercado",
    "apt": 10,
    "bpt": 5,
    "cpt": 0
  },
  "questao3": {
    "tema": "Alimentação",
    "pergunta": "Você da preferencia a alimentos orgânicos?",
    "a": "Sim",
    "b": "Às vezes",
    "c": "Não",
    "apt": 10,
    "bpt": 5,
    "cpt": 0
  },
  "questao4": {
    "tema": "Mobilidade Urbana",
    "pergunta": "Você da/daria prefrencia a transportes coletivos em vez de individuais?",
    "a": "Sim, praticamente todos os dias",
    "b": "Sim, porém poucas vezes",
    "c": "Não",
    "apt": 10,
    "bpt": 5,
    "cpt": 0
  },
  "questao5": {
    "tema": "Mobilidade Urbana",
    "pergunta": "Quando vai para o trabalho/escola(ou alguma obrigação), você opta por bicicleta?",
    "a": "Sim, sempre",
    "b": "Sim, porém poucas vezes",
    "c": "Não",
    "apt": 10,
    "bpt": 5,
    "cpt": 0
  },
  "questao6": {
    "tema": "Mobilidade Urbana",
    "pergunta": "Voce costuma dar preferencia a carro(incluindo transporte por aplicativo) para se deslocar?",
    "a": "Sim, praticamente todos os dias",
    "b": "Sim, porém poucas vezes",
    "c": "Não",
    "apt": 0,
    "bpt": 5,
    "cpt": 10
  },
  "questao7": {
    "tema": "Lixo reciclável",
    "pergunta": "Você costuma separar o seu lixo e destinar à reciclagem de alguma maneira?",
    "a": "Sim, pelo menos uma vez por mês",
    "b": "Sim, mas não com regularidade",
    "c": "Não",
    "apt": 10,
    "bpt": 5,
    "cpt": 0
  },
  "questao8": {
    "tema": "Lixo reciclável",
    "pergunta": "Em casa, você se preocupa com o destino de todos os seus resíduos?",
    "a": "Sim, tenho me questionado as vezes",
    "b": "Nunca costumo pensar nisso",
    "c": "Sim, sempre me preocupo",
    "apt": 5,
    "bpt": 0,
    "cpt": 10
  },
  "questao9": {
    "tema": "Consumo de plástico",
    "pergunta": "Você tenta reduzir o consumo de plástico ou/e de itens de uso único?",
    "a": "Não",
    "b": "Sempre que posso, tento ao máximo",
    "c": "Poucas vezes",
    "apt": 0,
    "bpt": 10,
    "cpt": 5
  },
  "questao10": {
    "tema": "Consumo de plástico",
    "pergunta": "Quando vai ao supermercado faz uso de ecobag ou caixa de papelão?",
    "a": "Sim, praticamente todas as vezes",
    "b": "Não",
    "c": "Poucas vezes",
    "apt": 10,
    "bpt": 0,
    "cpt": 5
  },
  "questao11": {
    "tema": "Consumo de plástico",
    "pergunta": "Você procura produtos com menos embalagens plásticas?",
    "a": "Não, nem penso nisso",
    "b": "Sempre que posso, tento ao máximo",
    "c": "Poucas vezes",
    "apt": 0,
    "bpt": 10,
    "cpt": 5
  },
  "questao12": {
    "tema": "Consumo de plástico",
    "pergunta": "Como você descarta o óleo de cozinha?",
    "a": "Faço reaproveitamento e descarto em pontos de coleta",
    "b": "Jogo na pia",
    "c": "Jogo no lixo no normal, mas já pensei em dar outro destino melhor",
    "apt": 10,
    "bpt": 0,
    "cpt": 5
  },
  "questao13": {
    "tema": "Consumo de energia e Consumo de água",
    "pergunta": "Você desliga os aparelhos eletrônicos antes de dormir?",
    "a": "Sim",
    "b": "Não",
    "c": "Só quando lembro",
    "apt": 10,
    "bpt": 0,
    "cpt": 5
  },
  "questao14": {
    "tema": "Consumo de energia e Consumo de água",
    "pergunta": "Você administra o tempo do seu banho?",
    "a": "Sim, sempre",
    "b": "Não",
    "c": "Poucas vezes",
    "apt": 10,
    "bpt": 0,
    "cpt": 5
  },
  "questao15": {
    "tema": "Consumo de energia e Consumo de água",
    "pergunta": "Você desliga a torneira enquanto escova os dentes?",
    "a": "Não",
    "b": "Sim, lembro com frequência",
    "c": "Poucas vezes, só quando lembro",
    "apt": 0,
    "bpt": 10,
    "cpt": 5
  },
  "questao16": {
    "tema": "Consumo de energia e Consumo de água",
    "pergunta": "Você desliga o chuveiro ao se ensaboar?",
    "a": "Sim, sempre",
    "b": "Não",
    "c": "Poucas vezes",
    "apt": 10,
    "bpt": 0,
    "cpt": 5
  },
  "questao17": {
    "tema": "Responsabilidade social",
    "pergunta": "Você busca conhecer os projetos de conservação da sua cidade/país/estado?",
    "a": "Sim, tenho muito interesse",
    "b": "Não. Fico por fora",
    "c": "Não, mas tenho interesse em conhecer",
    "apt": 10,
    "bpt": 0,
    "cpt": 5
  },
  "questao18": {
    "tema": "Responsabilidade social",
    "pergunta": "Você participa de eventos na sua cidade que são ligados ao meio ambiente?",
    "a": "Sim",
    "b": "Não",
    "c": "Às vezes",
    "apt": 10,
    "bpt": 0,
    "cpt": 5
  },
  "questao19": {
    "tema": "Responsabilidade Relacionada ao Mar",
    "pergunta": "Voce tenta reduzir o consumo de espécies ameaçadas de extinção?",
    "a": "Não",
    "b": "Sempre que posso, tento ao máximo",
    "c": "Poucas vezes",
    "apt": 0,
    "bpt": 10,
    "cpt": 5
  },
  "questao20": {
    "tema": "Responsabilidade Relacionada ao Mar",
    "pergunta": "Você evita o consumo de espécies na época do defeso?",
    "a": "Não",
    "b": "Sempre que posso, tento ao máximo",
    "c": "Poucas vezes",
    "apt": 0,
    "bpt": 10,
    "cpt": 5
  },
  "questao21": {
    "tema": "Responsabilidade Relacionada ao Mar",
    "pergunta": "Você recolhe seu lixo que produz na praia?",
    "a": "Não",
    "b": "Sempre que posso, tento ao máximo",
    "c": "Poucas vezes",
    "apt": 0,
    "bpt": 10,
    "cpt": 5
  },
  "questao22": {
    "tema": "Responsabilidade Relacionada ao Mar",
    "pergunta": "Você recolhe lixos que não são seus e que encontra quando vai à praia?",
    "a": "Não, só os meus",
    "b": "Sempre que posso, tento ao máximo",
    "c": "Poucas vezes",
    "apt": 0,
    "bpt": 10,
    "cpt": 5
  },
  "questao23": {
    "tema": "Responsabilidade Relacionada ao Mar",
    "pergunta": "Você da prerfência ao turismo sustentável?",
    "a": "Não, nem penso nisso",
    "b": "Sempre que posso, tento ao máximo",
    "c": "Poucas vezes",
    "apt": 0,
    "bpt": 10,
    "cpt": 5
  },
  "questao24": {
    "tema": "Responsabilidade Relacionada ao Mar",
    "pergunta": "Você faz ou participa de ações ambientais?",
    "a": "Não",
    "b": "Sempre que posso, tento ao máximo",
    "c": "Poucas vezes",
    "apt": 0,
    "bpt": 10,
    "cpt": 5
  },
  "questao25": {
    "tema": "Responsabilidade Relacionada ao Mar",
    "pergunta": "Você costuma acessar/ver documentarios, seguir paginas, compartilhar dados, conteudo sobre conservação marinha?",
    "a": "Não",
    "b": "Sempre que posso, tento ao máximo",
    "c": "Poucas vezes",
    "apt": 0,
    "bpt": 10,
    "cpt": 5
  },
  "questao26": {
    "resposta1": "Poxa, nenhum pontinho? isso significa que as questões ambientais não tem tido tanta relevância no seu dia a dia. E uma delas é a conservação das baleias-jubartes, que ainda encontram-se ameaçadas. Buscar ter ações sustentáveis no dia a dia contribui efetivamente pela conservação desses animais e do ambiente marinho! Te convidamos a acessar o nosso guia XXXXX e conhecer mais sobre atitudes sustentaveis que voce pode adotar no seu cotidiano e que podem ajudar a mitigar os impactos ambientais atuais",
    "resposta2": "Vish, você é pouquíssimo sustentável! Mas calma, o primeiro passo você ja deu, porém ainda não é suficiente. Temos problemas ambientais urgentes e precisamos de uma força tarefa pra enfrenta-los! Incluindo a conservação das baleias-jubartes, que ainda encontram-se ameaçadas! Vamos lá! Ainda dá tempo de melhorar esse resultado! Acesse o nosso guia XXXXX e veja dicas de como melhorar ou adicionar ao seu dia a dia acoes mais sustentaveis",
    "resposta3": "Olha, você não é dos mais sustentáveis, mas me parece estar no caminho. Ainda pra melhorar bastante! Todos os dias vemos as consequências das nossas ações ao longo do tempo. As baleias-jubarte quase foram dizimadas e hoje em dia estão em plena recuperação da população da espécie. O que voce acha de ajudá-las? Vamos elevar essa porcentagem? Acesse o nosso guia XXXXX e veja dicas de como melhorar ou adicionar ao seu dia a dia ações mais sustentáveis",
    "resposta4": "Parabéns você é mais sustentável que a maioria das pessoas e age conscientemente em boa parte do seu cotidiano. Acredite, você faz uma diferença significativa em todos os aspectos ambientais! Infelizmente não irá para a próxima fase do desafio, mas continue neste caminho, ainda dá pra melhorar! Acesse o nosso guia XXXXX e veja dicas de como melhorar ou adicionar ao seu dia a dia ações mais sustentáveis",
    "resposta5": "UAU! Você é realmente sustentável e pode ser premiado com um passeio para ver baleia e entender ainda mais como as suas ações do dia a dia fazem a diferença na conservação desses animais! Siga para a próxima etapa do desafio!",
    "resposta6": "Não está muito bem. você tirou MANCHA DE POLUIÇÃO NO OCEANO",
    "resposta7": "Pode melhorar, você tirou REDE DE PESCA FANTASMA",
    "resposta8": "Parabéns, você tirou o animal marinho: golfinho",
    "resposta9": "Parabéns! Você tirou o animal marinho BALEIA JUBARTE! PARABENS VOCE É UM AMIGO DA JUBARTE"
  }
}